TeamId,TeamName,SubmissionDate,Score
6781519,MinhDuc123,"2021-05-31 06:07:58",1.08478
6849098,"Pham Ngoc Canh","2021-05-27 14:31:39",1.08490
6840369,"Duc Ngo 1822","2021-05-31 05:07:43",1.08490
6839973,chien.pa,"2021-05-27 14:19:22",1.08494
6758234,"Alessandro Nicolosi","2021-05-31 07:58:41",1.08494
6720739,kailai,"2021-05-31 23:54:05",1.08495
6785391,"Hikmet Sezen","2021-05-31 23:06:01",1.08497
6783772,DLastStark,"2021-05-26 06:43:25",1.08500
6739825,virtualml,"2021-05-31 23:58:21",1.08504
6740615,"Marek Nurzynski","2021-05-31 21:39:11",1.08505
6888620,"buzz lightyear 8yer","2021-05-31 16:08:06",1.08506
6828591,bamblebam,"2021-05-31 16:09:31",1.08506
6726980,nexus2021,"2021-05-31 07:52:50",1.08507
6721697,GreetingsFromPoland,"2021-05-31 14:26:35",1.08507
6723841,diggee,"2021-05-31 12:46:43",1.08507
6720691,OmarVivas,"2021-05-31 23:51:10",1.08507
6720636,"jj vanman","2021-05-31 23:01:41",1.08508
6885962,Yatharth03,"2021-05-31 23:54:28",1.08510
6722711,"Zheyu Ye","2021-05-30 23:07:52",1.08510
6721209,"Dianwen (David) Zhao","2021-05-31 14:22:51",1.08510
6726200,Vivan,"2021-05-31 03:30:19",1.08510
6723737,"Lorem ipsum","2021-05-31 03:41:58",1.08510
6841336,DucMinhNgo871,"2021-05-31 04:55:56",1.08510
6731595,"Abid Ali Awan","2021-05-31 08:12:59",1.08510
6756126,"Mehran Kazeminia","2021-05-31 17:48:11",1.08510
6758999,TwoAmigo,"2021-05-31 00:28:08",1.08510
6803436,"Sagnik Roy","2021-05-31 06:22:31",1.08510
6885978,Dark_Ninja,"2021-05-30 21:52:16",1.08510
6736693,lipinjuan,"2021-05-31 22:52:19",1.08510
6721255,PranjalVerma08,"2021-05-31 23:55:13",1.08511
6730571,"Tapas Das","2021-05-25 14:52:27",1.08511
6720693,"Yue Sun","2021-05-31 01:03:51",1.08511
6727700,Koearn,"2021-05-30 23:02:54",1.08512
6721028,tharun_01,"2021-05-31 07:28:13",1.08512
6721514,RST,"2021-05-31 08:58:27",1.08512
6722332,"Mathurin Aché","2021-05-31 12:22:27",1.08512
6720680,hayahiko,"2021-05-31 14:33:33",1.08512
6728438,changwoomon,"2021-05-31 17:21:51",1.08512
6760222,Hubspot,"2021-05-31 19:54:01",1.08512
6721567,"Adeyinka Michael Sotunde","2021-05-31 00:35:09",1.08514
6720602,alperylmz,"2021-05-31 08:17:50",1.08515
6725082,dg68,"2021-05-31 23:51:48",1.08515
6721146,songwonmin,"2021-05-31 15:24:40",1.08515
6829610,StellarDragon,"2021-05-31 03:09:14",1.08517
6741083,"Dmitry Z","2021-05-31 18:29:00",1.08517
6886652,"Vociferous Senerade","2021-05-31 03:05:44",1.08517
6767580,CaruzzoC,"2021-05-31 23:33:58",1.08517
6721062,"Fellipe Gomes","2021-05-31 23:57:45",1.08520
6723670,"Soohyun Lee","2021-05-31 08:17:53",1.08520
6867508,xuxu_sky,"2021-05-31 10:32:43",1.08520
6857476,"Mukharbek Organokov","2021-05-31 18:34:42",1.08520
6725156,"Elvin Aghammadzada","2021-05-31 20:17:55",1.08520
6801335,AKZT,"2021-05-31 03:22:08",1.08520
6789451,Kuroki_A,"2021-05-31 17:00:31",1.08523
6729062,"Anurag Mukherjee","2021-05-31 15:58:02",1.08523
6782627,itochan_otochan,"2021-05-31 14:24:01",1.08523
6777440,"Niels ","2021-05-17 13:30:42",1.08524
6891205,Roberto.mldl,"2021-05-31 23:27:39",1.08527
6811032,"atomu oku","2021-05-27 12:58:27",1.08527
6840150,Vis.jr2021,"2021-05-26 04:34:48",1.08527
6822381,chienjr2k,"2021-05-26 03:43:02",1.08530
6811025,"Anh Chien","2021-05-26 04:12:51",1.08530
6773669,Seongwook93,"2021-05-31 01:06:29",1.08530
6721510,"Sharlto Cope","2021-05-31 22:32:43",1.08530
6723863,"Antonello Martiello","2021-05-27 15:09:28",1.08531
6850013,"19071003 Phạm Ngọc Cảnh","2021-05-26 04:02:23",1.08532
6859391,slim2021,"2021-05-26 05:27:57",1.08536
6726672,"mid fekar","2021-05-13 20:37:58",1.08538
6720677,Moonej,"2021-05-31 23:51:28",1.08538
6724789,aegehbi,"2021-05-13 20:59:52",1.08540
6844086,Achilles-heel,"2021-05-29 07:11:07",1.08541
6720598,sejoong.kim,"2021-05-23 12:23:39",1.08541
6782503,andrekos,"2021-05-30 12:30:14",1.08541
6725213,LightlightsupLight,"2021-05-18 01:06:43",1.08542
6822841,hihiiii,"2021-05-26 04:40:48",1.08542
6841560,DucNgo1579,"2021-05-26 15:20:55",1.08542
6793123,"Shreya Sajal","2021-05-30 13:08:32",1.08542
6774481,"Abhijeet Vichare","2021-05-27 18:44:12",1.08542
6734288,T-Minamoto,"2021-05-31 06:45:46",1.08543
6832279,Assert_0x470C,"2021-05-29 12:18:57",1.08543
6720643,BIZEN,"2021-05-31 12:22:26",1.08543
6725419,"Junichiro Morita","2021-05-29 13:35:57",1.08543
6727060,Jitendra,"2021-05-27 07:21:12",1.08543
6836277,Gorochu,"2021-05-27 08:09:36",1.08543
6869580,Leaveson,"2021-05-30 12:38:35",1.08543
6798267,"Vadim VS","2021-05-31 19:54:53",1.08543
6727540,"Ansh Gupta","2021-05-28 12:43:40",1.08543
6721796,"Eric Vos","2021-05-29 09:13:06",1.08543
6724493,KritiDoneria,"2021-05-31 12:20:04",1.08543
6722336,"Debarshi Chanda","2021-05-30 19:44:07",1.08543
6729571,"Thomas Nelson","2021-05-30 12:44:41",1.08543
6721548,"Ritesh Gupta","2021-05-30 12:52:22",1.08543
6855128,"wu bo","2021-05-30 04:06:16",1.08543
6812338,keire,"2021-05-30 03:20:27",1.08543
6755624,Claire,"2021-05-30 03:02:55",1.08543
6744526,"ewq we","2021-05-30 02:40:47",1.08543
6775049,cozy_sauna,"2021-05-27 07:22:54",1.08544
6809470,also-ran,"2021-05-29 06:40:15",1.08544
6843217,"Sumaia P Shupti","2021-05-25 19:38:21",1.08544
6857689,"[Deleted] 78bbf0ff-8438-439b-8daf-92ec918b307a","2021-05-25 03:33:34",1.08544
6795829,Aleksandr_Sidorov,"2021-05-30 07:34:46",1.08544
6825968,"Alifia Ghantiwala","2021-05-25 05:10:13",1.08544
6887693,PierreT,"2021-05-31 07:47:24",1.08544
6853968,"Kevin Wu","2021-05-30 03:32:00",1.08544
6722394,DDIIIIEEENNNDD,"2021-05-13 21:01:47",1.08544
6721505,"Have you tried LightAutoML?","2021-05-05 23:19:39",1.08544
6809680,Leven66,"2021-05-31 03:55:40",1.08544
6854739,qazxswedc,"2021-05-30 03:43:40",1.08545
6752671,"Tensor Girl","2021-05-30 04:42:42",1.08546
6738051,"Pradeep Boopathy","2021-05-21 10:57:32",1.08546
6750299,czs,"2021-05-31 02:38:24",1.08546
6844166,"Wang Frey","2021-05-29 06:58:28",1.08546
6856916,AzzamRadman,"2021-05-31 16:18:24",1.08547
6724514,"ml bwoi","2021-05-31 21:53:54",1.08547
6730800,"Manas Garg","2021-05-29 18:09:25",1.08547
6721096,SeeSaw,"2021-05-17 16:10:46",1.08547
6850069,DucNgo1722,"2021-05-26 04:01:55",1.08549
6860779,bw,"2021-05-30 04:15:12",1.08549
6733470,"Bruce Harold","2021-05-31 16:22:59",1.08549
6801042,"Gaurav Singh","2021-05-30 19:43:01",1.08550
6724140,"Jamil Alizade","2021-05-05 11:52:34",1.08550
6727088,"Laurent Pourchot","2021-05-30 17:17:52",1.08550
6841621,DucMNgo1118,"2021-05-21 15:36:55",1.08551
6720814,"TaoZhu  Ruan","2021-05-17 04:47:35",1.08552
6731144,"Mikayil Yusubov","2021-05-05 13:07:00",1.08552
6721198,"datasuckin nerds","2021-05-09 03:52:35",1.08553
6731155,keysersoze056,"2021-05-30 00:40:05",1.08553
6752638,onemount,"2021-05-07 17:28:38",1.08553
6724712,"C L Davies","2021-05-12 06:38:53",1.08554
6722247,"Parth Shukla","2021-05-05 04:08:53",1.08554
6725410,"Alen K","2021-05-31 20:24:18",1.08556
6878286,"Abhijeet Vichare #2","2021-05-29 04:29:29",1.08558
6827154,Julius1R,"2021-05-31 14:40:25",1.08559
6730056,ASFQAZ,"2021-05-30 01:25:30",1.08559
6721086,"Harshit Sati","2021-05-24 17:06:59",1.08559
6743745,mel903,"2021-05-30 02:10:53",1.08560
6739111,"Nhật Anh","2021-05-26 04:52:21",1.08560
6735643,"Joao de Oliveira","2021-05-31 22:48:06",1.08563
6868245,"Huy Trinh","2021-05-27 03:05:56",1.08564
6722818,"SOURABH  Y","2021-05-13 15:54:02",1.08564
6723750,Berk,"2021-05-11 10:53:08",1.08565
6733488,"Alper Temel","2021-05-15 15:02:48",1.08565
6753938,DXC1G,"2021-05-31 03:52:29",1.08570
6720756,Ishant_J,"2021-05-29 07:20:46",1.08570
6740755,harusame,"2021-05-12 01:56:38",1.08570
6830008,"Maksim Kleshchenok","2021-05-30 11:21:54",1.08571
6723743,"Ryan Barretto","2021-05-31 03:11:25",1.08571
6802927,knight,"2021-05-16 18:53:05",1.08571
6811926,Chi-ChunChen,"2021-05-26 06:58:02",1.08572
6731590,"Faisal Alsrheed","2021-05-31 21:29:41",1.08574
6870345,"Salil Choubey","2021-05-31 11:46:55",1.08575
6753745,"Nadirhan Şahin","2021-05-31 20:19:38",1.08575
6771497,"Aleksandr Markelov","2021-05-12 11:35:07",1.08575
6724063,Hamza,"2021-05-31 20:42:44",1.08577
6779878,"Anand Philip","2021-05-31 19:22:46",1.08577
6720658,Marcos,"2021-05-20 19:52:33",1.08577
6721601,"A SURESH","2021-05-03 10:24:08",1.08577
6745875,Ratul,"2021-05-05 12:35:51",1.08577
6722681,"Amine Bdlm","2021-05-10 14:31:08",1.08577
6770429,"Ishan Kotian","2021-05-26 13:49:30",1.08577
6724902,DarrenSaguil,"2021-05-05 23:47:57",1.08578
6721104,Bhavik,"2021-05-31 10:13:53",1.08579
6860301,tripod,"2021-05-28 16:40:25",1.08579
6760967,"Nusret Ipek","2021-05-23 19:16:47",1.08580
6801123,"Patrick Chan","2021-05-31 08:55:50",1.08580
6827975,"JeeWoong Lee","2021-05-26 13:58:59",1.08580
6721366,bigkizd,"2021-05-07 17:21:24",1.08580
6756159,"Araik Tamazian","2021-05-28 15:47:04",1.08580
6772018,"Araz Sadikhov","2021-05-25 09:53:46",1.08581
6720624,"Felipe Dutra Lisboa","2021-05-25 14:27:22",1.08581
6751502,"Nikita Kharakhnin","2021-05-06 15:07:02",1.08581
6806276,"Alexey Averyanov","2021-05-17 07:37:28",1.08582
6721516,Vineeth,"2021-05-27 17:14:47",1.08582
6851200,"Huang Jing Stark","2021-05-23 19:02:37",1.08582
6821038,Baby,"2021-05-28 14:35:35",1.08582
6860046,"Uladzimir Kaltunou","2021-05-26 20:04:54",1.08582
6753088,Dmitry,"2021-05-24 08:12:52",1.08583
6721353,"Paulo Junior","2021-05-18 20:45:48",1.08584
6781931,ERATOS_,"2021-05-13 06:04:22",1.08584
6813157,"Omkar Patil","2021-05-31 10:40:20",1.08584
6805684,"Rutuja Vaidya","2021-05-31 17:48:55",1.08584
6725981,"Andrew Choi","2021-05-14 18:51:11",1.08585
6726891,"Yetkin Eser","2021-05-14 14:36:49",1.08585
6814358,"Andrey Nikitin","2021-05-31 19:57:37",1.08585
6721097,"Sudhanshu Singh","2021-05-28 19:12:49",1.08585
6765429,lijingyi,"2021-05-31 09:30:08",1.08586
6790044,"Maxim Rodionov","2021-05-31 14:28:17",1.08586
6721217,"Andre Marti Tommi","2021-05-12 13:39:39",1.08587
6730520,woozy1,"2021-05-22 08:56:14",1.08587
6721519,"Maxim Kazantsev","2021-05-31 15:04:49",1.08587
6746066,shoku-pan,"2021-05-24 11:24:58",1.08587
6807502,"Yashar Nasibov 95","2021-05-20 14:08:36",1.08587
6730862,VEnder,"2021-05-15 15:59:00",1.08587
6720758,"MehmetE. Kazanç","2021-05-09 10:55:48",1.08587
6726249,al4pha4,"2021-05-19 10:53:48",1.08589
6742395,"Jurek Miadzvedzik","2021-05-31 20:11:23",1.08590
6724760,"abdessamad layad","2021-05-13 08:32:15",1.08590
6722551,chrhhl,"2021-05-30 11:35:02",1.08590
6720827,Nayu.T.S.,"2021-05-31 01:17:26",1.08590
6836014,Leven33,"2021-05-27 08:34:15",1.08591
6814668,Serhio,"2021-05-28 10:46:22",1.08591
6791454,"Naresh bhat","2021-05-16 13:21:37",1.08591
6720953,"Yuanjing Guo","2021-05-07 01:24:30",1.08591
6724189,AndresHG,"2021-05-05 12:48:20",1.08592
6722489,lilkaskitc,"2021-05-30 07:55:11",1.08592
6748575,xuye,"2021-05-09 15:53:20",1.08592
6839215,"rakesh kurakula","2021-05-30 00:15:18",1.08593
6847140,JustinChang,"2021-05-27 02:59:26",1.08594
6868028,"AL- EMRAN","2021-05-31 10:20:45",1.08594
6723551,Berkan,"2021-05-13 15:14:19",1.08594
6858030,saichandusambangi,"2021-05-26 12:27:58",1.08594
6723011,"[Deleted] dfd87068-9834-4569-92c6-e4bbf78659ed","2021-05-03 11:13:24",1.08595
6720922,"Hiroki Yamagishi","2021-05-03 08:11:12",1.08595
6745166,meihanw,"2021-05-26 06:39:21",1.08595
6734589,"Shravan Kumar Koninti","2021-05-04 13:11:27",1.08595
6724111,"Huy Doan","2021-05-13 08:54:10",1.08596
6812948,"Ковальчук С.И.","2021-05-28 18:44:47",1.08596
6744307,"Joonoo JANG","2021-05-15 08:51:02",1.08598
6842383,"Adrian Hajdukiewicz","2021-05-29 13:31:56",1.08598
6721469,"Sourav Roy","2021-05-04 08:12:50",1.08599
6721757,JiangTT,"2021-05-20 00:25:45",1.08599
6722134,"Mohit Sharma","2021-05-11 15:22:37",1.08599
6726520,slow5620,"2021-05-31 10:20:03",1.08600
6720750,"Jason Dunavin","2021-05-23 00:26:40",1.08601
6722911,Pat69Maze,"2021-05-07 05:17:11",1.08601
6736608,manuelmusngi,"2021-05-25 19:01:53",1.08601
6721429,"Anu Varshini","2021-05-03 12:54:29",1.08604
6723205,"Pawan Kumar J","2021-05-21 04:19:26",1.08604
6722425,"Kosarevsky Dmitry","2021-05-03 04:39:30",1.08606
6747270,"Sokolov Aleksandr","2021-05-05 21:49:23",1.08607
6769432,"Vishvaditya Luhach","2021-05-27 16:32:38",1.08607
6721813,"Takashi Tomika","2021-05-23 10:38:51",1.08607
6765363,BuğraŞen,"2021-05-16 09:20:37",1.08609
6769751,vanAmsen,"2021-05-10 12:35:18",1.08610
6738209,"Tun T","2021-05-13 17:19:35",1.08610
6720718,mydrear,"2021-05-06 12:55:08",1.08611
6841719,DucMNgo1518,"2021-05-22 10:02:43",1.08611
6722701,"Marek Konopko","2021-05-11 06:27:34",1.08611
6840983,"Saran Saluja","2021-05-31 09:39:00",1.08611
6856756,"RJ Corneille","2021-05-26 17:07:20",1.08611
6734437,grayjay,"2021-05-31 02:48:49",1.08614
6744125,"Mukesh Bhandarkar","2021-05-05 06:37:49",1.08616
6751720,"David Katz","2021-05-31 19:05:43",1.08617
6722479,"Prashans Dixit","2021-05-04 07:07:50",1.08617
6722762,"Shachar Y.","2021-05-31 19:48:47",1.08617
6752926,diglesias,"2021-05-26 20:55:33",1.08617
6726097,"Shreyansh Kabra","2021-05-24 11:21:42",1.08618
6860239,Likzedd,"2021-05-31 14:18:52",1.08618
6721598,"MLJAR AutoML","2021-05-06 08:47:39",1.08619
6860819,minassy,"2021-05-29 17:06:21",1.08620
6729241,NQ2,"2021-05-02 19:29:40",1.08620
6748583,"Ryan Susman","2021-05-09 02:08:05",1.08625
6724405,"Mihir Thakur","2021-05-24 18:19:08",1.08626
6848767,"Deeksha Rai","2021-05-27 11:18:07",1.08626
6720701,des,"2021-05-21 11:57:09",1.08626
6795273,"Long Nguyễn","2021-05-18 10:48:38",1.08626
6853768,pro_coders,"2021-05-26 14:03:18",1.08628
6729417,"Shiva Pundir","2021-05-03 16:46:26",1.08628
6722212,"Nishant Dhingra","2021-05-31 21:27:17",1.08629
6785053,Akatsuki,"2021-05-16 19:03:38",1.08630
6778425,"Ayse Erdem","2021-05-15 17:14:09",1.08631
6762366,"Olivier St-Amand","2021-05-14 01:12:48",1.08633
6739338,"Kaustubh Verma ","2021-05-26 05:21:32",1.08633
6750650,"Nitin Kashyap","2021-05-16 06:54:59",1.08636
6880122,murezsy,"2021-05-30 16:59:51",1.08637
6812411,"daiki iwasaki","2021-05-31 05:57:27",1.08637
6883812,Rohit(B19EE098),"2021-05-30 11:19:11",1.08637
6811052,"Abhishek Venugopal","2021-05-31 19:46:21",1.08638
6722458,"Skipar Ivan","2021-05-07 13:58:16",1.08638
6723090,AIXian,"2021-05-31 20:11:43",1.08639
6722552,"Luan Ademi","2021-05-01 14:34:55",1.08639
6720610,"Naruhiko Nakanishi","2021-05-01 09:52:00",1.08641
6826990,juniorliu95,"2021-05-30 09:13:59",1.08641
6722232,"Gaurav Chaudhary","2021-05-02 06:00:33",1.08641
6720593,horohoro,"2021-05-05 13:25:28",1.08642
6722796,"Arihant Jain","2021-05-18 16:20:18",1.08644
6725462,paramond,"2021-05-27 04:26:56",1.08644
6867520,Virksaab,"2021-05-31 15:17:15",1.08644
6720873,【MAO-STACK】,"2021-05-25 12:53:58",1.08645
6845105,Arvin001213,"2021-05-31 03:47:49",1.08646
6808494,Frederikf,"2021-05-18 20:45:08",1.08646
6882549,YusukeOnishi,"2021-05-30 13:37:57",1.08648
6817629,room722,"2021-05-23 16:14:44",1.08648
6771234,STakashi,"2021-05-20 12:46:41",1.08650
6737120,"Priyanshu Lodha","2021-05-07 03:32:17",1.08651
6721783,"Viktor Pavuk","2021-05-01 07:31:27",1.08651
6731548,Arno,"2021-05-08 16:30:45",1.08651
6729682,"Tomohiro Yazaki","2021-05-31 15:02:35",1.08652
6763028,PedroHSR,"2021-05-08 21:31:34",1.08652
6774654,MatheusRamosRibeiro,"2021-05-31 23:16:51",1.08652
6721004,ShankhadeepMukherjee,"2021-05-07 16:42:41",1.08652
6728262,"Sergey Kutepov","2021-05-05 14:05:22",1.08653
6740053,syunsuke,"2021-05-29 10:29:32",1.08656
6721298,"Jonas Paluci Barbosa","2021-05-31 23:38:40",1.08657
6775353,Overcast,"2021-05-26 00:22:56",1.08658
6738094,karlb3030,"2021-05-31 19:05:14",1.08658
6758147,"Nikita Razinkov","2021-05-20 09:42:11",1.08660
6724004,"Nicholas Marino","2021-05-30 21:32:42",1.08660
6744012,fufufu,"2021-05-17 11:21:12",1.08661
6823425,"CK KIM","2021-05-30 15:00:36",1.08661
6721535,"Darius Saldauskas","2021-05-29 15:45:58",1.08662
6829557,"Aman Budgujar","2021-05-24 13:09:08",1.08664
6729518,"Nick Erickson","2021-05-03 09:03:17",1.08665
6747674,Kuntal,"2021-05-23 12:53:43",1.08667
6859708,AdmireLotos,"2021-05-30 03:00:51",1.08668
6735854,"Hiroaki Iwai","2021-05-14 22:59:52",1.08669
6723709,"Raj Gandhi","2021-05-25 14:53:09",1.08669
6724106,"Shashwat Tiwari","2021-05-07 18:16:15",1.08670
6721399,"Juan Pablo Margni","2021-05-16 06:23:09",1.08670
6722670,"Udbhav Pangotra","2021-05-02 07:47:51",1.08670
6770119,"Rushikesh Konapure","2021-05-31 11:20:35",1.08670
6840717,Vitasoy,"2021-05-31 01:59:45",1.08672
6848009,Vitasoy_2,"2021-05-31 02:11:40",1.08672
6747549,"Left Right","2021-05-30 20:06:47",1.08672
6725374,"James Tourkistas","2021-05-31 20:42:47",1.08672
6809859,"Hari Prasad P","2021-05-31 23:27:50",1.08673
6741867,"Vjaceslavs Matess","2021-05-13 13:31:44",1.08675
6888671,daigua,"2021-05-31 14:40:43",1.08676
6826764,"Samuel Kim","2021-05-26 05:41:10",1.08676
6725375,"Mohamed Jafir Ashraf","2021-05-23 10:05:56",1.08676
6787114,"Eduardo Calderón","2021-05-23 02:18:04",1.08676
6788801,"Guillermo Alejandro Vargas Escobar","2021-05-23 01:56:33",1.08676
6808334,"Julien Roullé","2021-05-28 15:32:03",1.08677
6740161,"Ryo Hatanaka","2021-05-24 02:00:59",1.08678
6880490,Masafumi.M,"2021-05-30 05:13:51",1.08679
6724689,aisfo,"2021-05-02 03:07:17",1.08680
6721187,"Thierry Neusius","2021-05-29 21:26:57",1.08680
6724743,"Hyunil Yoo","2021-05-31 23:47:30",1.08680
6763904,juncollin,"2021-05-31 21:39:07",1.08681
6752701,"Artem Prikhodko","2021-05-31 21:47:58",1.08682
6724125,Tassen,"2021-05-31 20:06:06",1.08684
6864777,Solstice_ML,"2021-05-31 14:42:02",1.08685
6779719,"Imantha Ahangama","2021-05-17 10:31:13",1.08687
6771189,batrosz,"2021-05-29 16:31:41",1.08687
6737015,"Yudai Abe","2021-05-30 13:37:36",1.08688
6832231,Chandrashekhar,"2021-05-20 03:55:33",1.08688
6720695,"Ilya Belov","2021-05-02 08:24:45",1.08688
6733757,#Mohar,"2021-05-07 01:59:23",1.08689
6721678,"sai kumar","2021-05-03 16:31:14",1.08690
6836267,"Sean Jan","2021-05-31 16:07:07",1.08692
6771153,"Abhishek Yadav","2021-05-15 15:05:34",1.08693
6728406,"Juan Romera","2021-05-29 16:55:20",1.08693
6882474,Nanette,"2021-05-31 03:00:39",1.08695
6723412,"[Deleted] 3bb11f74-abf2-47fe-ba1b-7161e56b4f1c","2021-05-02 03:23:38",1.08696
6756388,jogepari,"2021-05-21 21:32:05",1.08698
6803884,Vagif,"2021-05-29 23:14:09",1.08698
6721717,shadowsan,"2021-05-20 02:57:23",1.08699
6783215,RealSid,"2021-05-27 06:46:19",1.08699
6840674,"Ozan Yıldız","2021-05-30 02:37:22",1.08699
6722293,"[ods.ai] vad13irt","2021-05-17 16:03:14",1.08700
6855272,MarThel,"2021-05-27 11:07:41",1.08703
6721200,"Rajkumar Sengottuvel","2021-05-14 14:04:51",1.08703
6727062,"Nikhil Gopal","2021-05-31 17:14:43",1.08704
6758280,"Isaiah West","2021-05-14 19:41:38",1.08705
6870115,"Alexander Andreev","2021-05-31 11:25:34",1.08706
6721194,fugai1,"2021-05-03 17:37:45",1.08708
6720970,bybag_74,"2021-05-31 04:05:32",1.08708
6721031,Heroseo,"2021-05-31 17:21:19",1.08708
6805563,"Mark CT","2021-05-31 14:27:26",1.08708
6786885,Landist,"2021-05-27 21:51:54",1.08711
6818442,"Annie Martin","2021-05-31 07:05:33",1.08711
6722867,"Siddharth Kulkarni","2021-05-31 17:36:30",1.08711
6730487,"Siddharth Agarwal","2021-05-25 18:22:28",1.08713
6735680,Clint,"2021-05-18 09:08:21",1.08713
6721027,kurong123,"2021-05-18 13:09:09",1.08713
6819241,"James B.","2021-05-31 06:42:32",1.08714
6731780,liuyixi,"2021-05-06 15:11:26",1.08714
6823044,"Vadim Kapliuk","2021-05-18 19:05:24",1.08715
6726002,"Simon Hovmark","2021-05-30 16:40:59",1.08716
6740475,"Rinat Kurbanov","2021-05-19 15:42:18",1.08716
6854670,loner49th,"2021-05-31 20:39:24",1.08716
6789225,Hariprasath,"2021-05-31 10:41:09",1.08716
6808137,"Marco Wong","2021-05-19 20:04:46",1.08717
6742547,"Nick Corona","2021-05-09 14:12:16",1.08718
6793049,"ROBERT TURRO","2021-05-31 19:10:11",1.08718
6724739,"Alexis D","2021-05-30 05:32:24",1.08718
6778384,"Masato Ootsuka","2021-05-28 09:59:29",1.08719
6742502,naccchan,"2021-05-05 12:53:51",1.08719
6723559,O-S,"2021-05-31 16:22:55",1.08719
6722010,"Ranjeet shrivastav","2021-05-26 10:28:55",1.08720
6721587,"Chris X","2021-05-06 15:51:47",1.08721
6760357,TripleLift,"2021-05-09 17:44:31",1.08722
6731197,ANA,"2021-05-25 04:40:15",1.08723
6814686,"Jonathan Ali Corado Hernández","2021-05-22 03:07:06",1.08723
6810815,"Roman Enikeev","2021-05-25 08:07:17",1.08726
6724666,"Anna Białek","2021-05-05 20:34:09",1.08727
6802063,hnakamura,"2021-05-31 14:51:14",1.08730
6720657,radrshp,"2021-05-31 23:12:16",1.08731
6721687,"Rishabh Sethia","2021-05-08 07:15:01",1.08732
6843101,trym53,"2021-05-22 01:39:32",1.08733
6754883,zoilooo,"2021-05-12 06:18:51",1.08737
6743127,"Dave E","2021-05-27 11:49:23",1.08737
6744718,"Brooklin Santosh","2021-05-31 18:51:33",1.08738
6828395,"Sujith K Nair","2021-05-27 11:34:47",1.08739
6758424,"José M","2021-05-13 15:16:28",1.08739
6739983,bigvit,"2021-05-19 22:22:26",1.08740
6721056,"Mariusz Bronowicki","2021-05-19 17:28:03",1.08741
6721376,jps,"2021-05-17 06:20:49",1.08742
6862647,tommy.choi,"2021-05-26 05:09:48",1.08744
6722677,"Kirill Klyukvin","2021-05-06 12:01:26",1.08746
6731934,"Maciej Zdanowicz","2021-05-04 14:46:04",1.08747
6724840,"Teled Analytic","2021-05-31 23:04:22",1.08747
6721103,"Somesh kumar Jain","2021-05-05 04:58:50",1.08748
6724015,"Erik Garcia","2021-05-17 19:01:26",1.08748
6890825,"Mahesh Jindal","2021-05-31 21:10:27",1.08748
6722465,imhereforfreegpu,"2021-05-05 05:00:44",1.08750
6722704,"Marcin Zatorski","2021-05-02 16:02:42",1.08750
6809332,"William Kenny","2021-05-27 21:41:16",1.08751
6797511,knight.lee,"2021-05-16 01:57:09",1.08751
6762875,"Arseniy Shahmatov","2021-05-08 21:32:10",1.08752
6786999,phantazyq,"2021-05-22 18:35:08",1.08753
6788404,ifashion,"2021-05-13 23:38:57",1.08754
6826791,tanchingfhen,"2021-05-27 06:00:39",1.08755
6757853,"Monisha Damodaran","2021-05-31 16:34:13",1.08755
6799727,GD2015,"2021-05-21 03:34:53",1.08757
6722467,NI,"2021-05-12 19:55:15",1.08757
6722625,"Matteo Turla","2021-05-22 10:35:12",1.08758
6725158,Björn,"2021-05-03 21:17:02",1.08760
6806787,"Jens Svensmark","2021-05-29 20:47:49",1.08763
6799187,"Nicolás Pezzot","2021-05-24 02:04:00",1.08763
6732597,Melanie7744,"2021-05-30 11:32:15",1.08763
6747510,"Kaustubh B Bhargav","2021-05-30 19:03:41",1.08763
6804921,shahrukh0526,"2021-05-31 11:31:23",1.08763
6720844,MasayoshiEndo,"2021-05-30 09:56:22",1.08763
6891194,Klaus,"2021-05-31 22:47:27",1.08763
6721328,"Hiroshi Ohura","2021-05-27 10:10:12",1.08764
6798180,deltascience,"2021-05-15 08:11:37",1.08766
6728695,herwinvw,"2021-05-09 10:22:24",1.08769
6730220,stonyc,"2021-05-25 05:55:55",1.08770
6812148,"Marion Hesse","2021-05-18 12:29:20",1.08770
6810736,"Paul Yurlov","2021-05-28 13:08:54",1.08770
6759577,meeee,"2021-05-08 07:02:59",1.08771
6828926,"Paarth Bhatnagar","2021-05-29 13:27:19",1.08772
6787006,TexasTom,"2021-05-31 23:42:02",1.08772
6722503,"Bernhard Klinger","2021-05-23 22:01:22",1.08774
6800069,akiackey,"2021-05-22 05:00:33",1.08774
6871051,"Brown Ebouky","2021-05-31 13:48:44",1.08775
6721181,"Kshitij Mohan","2021-05-02 07:03:26",1.08778
6728351,"Shakira Whaka Whaka","2021-05-02 14:59:39",1.08778
6722996,"Rishabh Mishra","2021-05-15 20:00:07",1.08778
6750143,testtset,"2021-05-08 04:42:53",1.08782
6728771,AndNov,"2021-05-16 02:59:52",1.08784
6774629,Ching,"2021-05-27 05:58:58",1.08786
6756349,LSTECUST,"2021-05-25 02:47:32",1.08786
6742242,"Lucas Silva","2021-05-11 21:14:19",1.08786
6742743,"Emmanuel Bright","2021-05-06 02:26:49",1.08788
6729498,"Krystian Wicherek","2021-05-08 10:19:19",1.08788
6873097,"Mingzhuo Teng","2021-05-28 06:05:49",1.08791
6726724,Srikanth,"2021-05-29 19:18:08",1.08791
6764634,"Aman Jain #2","2021-05-11 10:55:03",1.08791
6848618,"Masato Taka","2021-05-24 12:50:07",1.08793
6874964,"Maunish dave","2021-05-29 11:56:47",1.08793
6839778,"Eirik Høyheim","2021-05-31 16:54:02",1.08795
6728261,"Helio R. V. de Couto Junior","2021-05-10 20:00:38",1.08795
6819076,"Michael Kalinin","2021-05-30 09:17:15",1.08796
6721534,"Kevin Lloyd Bernal","2021-05-10 01:48:33",1.08796
6861206,lijianfei1,"2021-05-27 08:03:12",1.08798
6738134,"Oniel Gracious","2021-05-16 12:20:52",1.08800
6720732,trantrikien239,"2021-05-01 04:04:25",1.08804
6812615,Eric,"2021-05-28 10:36:34",1.08804
6749570,"Josephine Tsai","2021-05-14 04:17:46",1.08806
6730055,GSD,"2021-05-14 06:56:07",1.08808
6862304,"Alexis Quintana","2021-05-27 12:14:54",1.08808
6855607,"Jesus Torres","2021-05-28 12:49:38",1.08808
6772548,ZhiyanYi,"2021-05-15 21:15:56",1.08810
6721586,ML_BOYS,"2021-05-07 06:05:21",1.08811
6726682,Sreeram,"2021-05-03 11:06:18",1.08812
6868923,Chingtf,"2021-05-27 06:18:43",1.08813
6765298,YuriMIyamori,"2021-05-31 02:48:44",1.08814
6722254,Andreea,"2021-05-26 16:25:10",1.08814
6798655,"Gustavo de Souza Gonçalves","2021-05-20 00:16:52",1.08814
6722657,"Akio Onodera","2021-05-22 09:34:14",1.08817
6761094,"James H","2021-05-10 15:35:02",1.08819
6854106,gon2gon2,"2021-05-26 13:30:27",1.08820
6746630,"Shungo Ikai","2021-05-06 09:19:33",1.08821
6875060,Ed,"2021-05-31 18:30:00",1.08822
6730706,"Madhan Chandrasekharan","2021-05-21 11:23:18",1.08822
6768717,"NFH ","2021-05-11 13:39:56",1.08823
6727707,"Anchal Gupta","2021-05-26 17:54:59",1.08827
6720708,Nanda-Kanda,"2021-05-12 13:45:08",1.08828
6848925,Trimparashut,"2021-05-25 17:17:30",1.08829
6854697,yagiken,"2021-05-24 13:29:28",1.08829
6746817,scott266051,"2021-05-20 03:31:17",1.08830
6723522,Mino,"2021-05-03 12:45:51",1.08830
6779160,"Atharv Chaudhari","2021-05-31 11:06:19",1.08832
6845662,"Alex Yarysh","2021-05-24 19:10:57",1.08833
6762073,kakot,"2021-05-19 09:45:40",1.08834
6727827,"Umut Sait Öncü ","2021-05-31 22:33:47",1.08835
6731500,Ryota,"2021-05-11 05:32:28",1.08836
6818362,tharun-reddy,"2021-05-29 10:39:29",1.08836
6865583,"Scott Greenfield","2021-05-26 14:11:54",1.08842
6724934,"Georgi Pamukov","2021-05-11 08:48:30",1.08844
6729103,"Xavi N","2021-05-31 21:19:03",1.08844
6721669,tho-roeder,"2021-05-13 18:54:36",1.08846
6727754,MathieuK,"2021-05-17 03:32:00",1.08861
6728269,"Raju Yadav","2021-05-05 13:20:33",1.08861
6725740,"Akira Sano","2021-05-16 01:36:02",1.08862
6853409,AGU,"2021-05-30 11:40:04",1.08866
6879609,"Akarsh Upadhyay","2021-05-31 10:58:33",1.08868
6883550,"Nikolaos Korasidis","2021-05-31 22:38:32",1.08868
6720696,"Juan Eduardo Smith","2021-05-25 05:10:07",1.08869
6776655,"Rafael Batista","2021-05-13 09:50:23",1.08869
6724433,ajp,"2021-05-02 18:14:32",1.08870
6723089,FJboy31,"2021-05-07 10:46:41",1.08871
6720938,"Vadim Glukhov","2021-05-28 21:18:05",1.08873
6830572,delnemo,"2021-05-19 20:44:19",1.08873
6731789,"Julien Langlais","2021-05-07 10:36:55",1.08880
6729354,"gaurav sarkar","2021-05-21 12:35:31",1.08882
6720927,"Puru Behl","2021-05-08 09:08:28",1.08883
6722035,napetrov,"2021-05-14 15:33:44",1.08883
6780445,"Jordan Samek","2021-05-26 18:02:03",1.08884
6725497,Ivalbert,"2021-05-31 12:53:28",1.08885
6813373,"Stallions Dey","2021-05-28 16:28:37",1.08887
6720846,"Serim Jang","2021-05-26 05:54:57",1.08888
6739095,teru-roc,"2021-05-07 07:10:57",1.08891
6810406,DerekHJH,"2021-05-21 03:18:34",1.08892
6722649,Oleg,"2021-05-26 17:25:58",1.08894
6720898,"Jeong-Yoon Lee","2021-05-15 23:17:31",1.08898
6834994,Felix,"2021-05-31 13:28:42",1.08898
6721123,"Siddharth Chauhan","2021-05-26 05:46:27",1.08900
6848385,"Hariharan Narayanan","2021-05-31 17:27:07",1.08903
6792869,"PIYUSH NAHATA","2021-05-30 17:49:19",1.08904
6759629,RST599,"2021-05-26 14:43:38",1.08907
6756484,alkornev,"2021-05-21 09:13:01",1.08908
6806386,NoobTeam,"2021-05-21 17:17:54",1.08909
6824272,"Jack Adee","2021-05-19 01:45:40",1.08910
6763603,Anurag,"2021-05-28 21:01:29",1.08914
6729866,"Thiago Panini","2021-05-15 15:22:26",1.08921
6720672,Muj!rush!,"2021-05-10 03:47:55",1.08925
6731007,"Arnault Bretagne","2021-05-03 15:02:40",1.08927
6844347,gentlePlatypus,"2021-05-27 18:34:54",1.08928
6758046,Michał,"2021-05-14 19:52:49",1.08929
6810720,COPs,"2021-05-24 15:15:34",1.08932
6722383,"Aman Malhotra","2021-05-14 07:30:22",1.08934
6889716,"Amninder Singh","2021-05-31 17:52:54",1.08936
6722363,Bien,"2021-05-05 04:20:59",1.08937
6722839,"Vaisakh Plakkot","2021-05-03 17:53:21",1.08938
6798016,SJ,"2021-05-30 16:35:23",1.08939
6752238,Nnnnn,"2021-05-06 16:43:21",1.08941
6784281,"Eugene Koutiloff","2021-05-25 03:36:06",1.08942
6884520,Foreverxu,"2021-05-31 00:05:28",1.08944
6813661,Tettey,"2021-05-25 01:22:40",1.08945
6772512,Carter,"2021-05-21 06:06:51",1.08945
6771399,"Vincent Kamphorst","2021-05-12 13:05:51",1.08947
6728680,Prithviraj,"2021-05-14 16:14:23",1.08949
6724052,Semion,"2021-05-02 09:27:48",1.08949
6725780,hiromasat,"2021-05-31 14:21:30",1.08950
6837656,"Immortan Sleepy Jeo","2021-05-27 01:58:10",1.08951
6739835,tor21,"2021-05-23 07:40:18",1.08953
6890462,Andy_M,"2021-05-31 22:14:52",1.08957
6743640,seki137,"2021-05-30 07:32:03",1.08957
6858162,"Vasil Yordanov","2021-05-25 09:14:58",1.08958
6792665,"Pham Vu Dung","2021-05-28 14:56:20",1.08959
6787471,WiP,"2021-05-13 01:39:30",1.08959
6794950,nephrologist,"2021-05-21 09:23:17",1.08960
6740292,"Yang Huiting","2021-05-29 09:16:20",1.08961
6752049,"Grégoire Szymanski","2021-05-18 17:56:35",1.08963
6839240,Narung_369,"2021-05-29 06:44:45",1.08964
6724253,Yoki,"2021-05-22 08:21:16",1.08965
6722445,Barteksv12,"2021-05-15 06:57:04",1.08965
6848126,"Paolo Dano","2021-05-31 07:28:31",1.08966
6779686,"Soyeong Sohn","2021-05-24 16:32:09",1.08967
6749887,YasuoGod_滑起來,"2021-05-21 02:10:28",1.08967
6864560,"Oleg Peregudov","2021-05-29 19:22:43",1.08967
6879394,"LI SEIICHI","2021-05-30 13:13:06",1.08970
6803823,Neptune,"2021-05-15 20:48:11",1.08971
6851249,watsons,"2021-05-28 14:47:44",1.08971
6727236,"KIATISAK PETHOR","2021-05-14 01:24:43",1.08972
6721177,gonzou122,"2021-05-15 14:59:13",1.08973
6861075,xxjmkiso,"2021-05-27 02:00:05",1.08973
6755714,alexey.hdb,"2021-05-12 21:16:37",1.08973
6803958,kornaukhov-sv,"2021-05-31 22:08:20",1.08973
6745929,Kronki,"2021-05-15 12:19:07",1.08975
6722750,"Igal Bronshtein","2021-05-17 17:33:32",1.08975
6725643,darkrubiks,"2021-05-11 14:04:50",1.08977
6732230,"henrique osinski","2021-05-11 01:36:01",1.08977
6752521,"Max B.","2021-05-09 12:11:45",1.08979
6721878,noirzt,"2021-05-16 09:57:27",1.08980
6748602,matthew-ch,"2021-05-31 08:33:00",1.08982
6745312,"Omkar Choulwar","2021-05-22 12:53:52",1.08983
6760241,emand2pac,"2021-05-24 09:25:40",1.08984
6733499,DJ,"2021-05-04 16:13:13",1.08985
6887463,gokaten,"2021-05-31 10:57:47",1.08990
6721611,Leonie,"2021-05-04 19:56:58",1.08991
6723163,SplikA,"2021-05-24 03:56:31",1.08991
6747865,"Du Vuki","2021-05-06 03:38:41",1.08992
6852649,morozumi_kouhei,"2021-05-28 09:13:37",1.08995
6722570,MohammedSohailAbrar,"2021-05-09 11:12:35",1.08998
6761430,Ayushi_S_pb,"2021-05-21 05:26:25",1.09002
6724515,"Hakan Erdogan","2021-05-07 09:10:19",1.09004
6724011,"Twarit Shah","2021-05-01 18:51:09",1.09007
6724997,Nikolaev_KP,"2021-05-24 09:35:32",1.09010
6835823,taniman,"2021-05-23 03:54:46",1.09011
6738649,"Mark Shiiz","2021-05-26 06:42:43",1.09011
6723473,"Mi Khai Thai","2021-05-11 20:06:19",1.09012
6736518,"Jessica Petrochuk","2021-05-26 02:50:28",1.09013
6727751,"victor chang","2021-05-03 03:08:30",1.09014
6724090,"Matthew Buddensick","2021-05-25 16:45:45",1.09014
6864086,"Ryo Nakao","2021-05-31 03:02:23",1.09020
6797003,"Aditya Dash","2021-05-25 16:26:13",1.09022
6727444,Rico,"2021-05-02 13:15:12",1.09024
6723154,"Mahmud Evan","2021-05-04 04:01:24",1.09026
6786934,BingBlackBean,"2021-05-24 05:35:18",1.09027
6790034,Jamie,"2021-05-23 19:20:56",1.09027
6720917,"Masaki Mori","2021-05-01 12:10:40",1.09031
6807539,"VIVEK METTU","2021-05-21 04:44:26",1.09032
6731813,Deskbo,"2021-05-11 04:52:37",1.09034
6722581,"Ujjawal Sharma","2021-05-02 06:50:20",1.09036
6751660,Chikaze,"2021-05-06 16:25:51",1.09036
6839514,"Konoval Volodymyr","2021-05-31 08:46:10",1.09036
6778512,wasao24,"2021-05-31 13:04:26",1.09036
6761661,"Gilles POULAIN","2021-05-09 13:48:29",1.09038
6810733,jkdorayaki,"2021-05-22 07:25:52",1.09044
6804634,"Ana Gabriela López Ortíz","2021-05-17 21:41:45",1.09047
6724404,"Mauricio Maroto","2021-05-31 15:18:42",1.09050
6722949,Mike,"2021-05-06 09:59:23",1.09051
6722784,"David #2","2021-05-13 11:03:46",1.09054
6834437,"Macit Giray Gökırmak","2021-05-24 19:40:58",1.09058
6862068,"Gadha Gaand","2021-05-25 20:28:44",1.09059
6764248,"Vatsal Venkatkrishna","2021-05-25 20:29:34",1.09059
6762133,"Adhoksh PB","2021-05-30 21:04:18",1.09063
6729158,BenchWarmer1007,"2021-05-07 04:38:49",1.09064
6732401,"Joseph Mittelstaedt","2021-05-13 13:19:55",1.09067
6750598,kokuutoma,"2021-05-20 02:07:21",1.09072
6840687,"Jiin Park","2021-05-26 05:08:47",1.09072
6802975,"Samip Timalsena","2021-05-16 10:33:34",1.09073
6720629,nana,"2021-05-20 06:42:22",1.09077
6794476,"yam yam 55","2021-05-17 15:38:36",1.09080
6739735,"Akhil prasannan","2021-05-06 12:02:50",1.09080
6849170,"Daniel Stephan","2021-05-24 19:44:38",1.09082
6826083,"Israel Tan","2021-05-19 08:11:19",1.09086
6726351,ckmr,"2021-05-30 09:52:28",1.09095
6798890,"Vatsal Venkatkrishna #2","2021-05-25 20:12:50",1.09096
6789568,chantama,"2021-05-13 12:26:48",1.09101
6723754,"Shree Ratn","2021-05-06 13:30:28",1.09103
6727185,"Alex Artemiev","2021-05-24 06:02:56",1.09114
6816053,Ankit_M,"2021-05-29 12:09:19",1.09114
6819206,Jagunn,"2021-05-30 11:49:52",1.09120
6724334,rCratos,"2021-05-01 17:47:01",1.09122
6721251,"Rohit Verma","2021-05-27 09:43:31",1.09123
6812169,jmacod,"2021-05-26 09:59:47",1.09123
6730036,slyzszg,"2021-05-15 05:24:22",1.09126
6732454,"Munum Butt","2021-05-29 13:41:41",1.09126
6731407,C_MulE90,"2021-05-03 08:48:59",1.09128
6859180,cavary,"2021-05-31 14:12:56",1.09129
6729548,"Obi ","2021-05-23 22:52:47",1.09134
6740039,anonamename,"2021-05-04 13:55:31",1.09135
6733562,"Henrique Domiciano","2021-05-06 01:02:22",1.09141
6824590,"Paratroopers. 1","2021-05-22 04:54:12",1.09141
6810658,FirePanda007,"2021-05-18 12:43:23",1.09144
6742090,"Manuel Fernández","2021-05-07 13:23:45",1.09149
6721314,"Sayantan Sadhu","2021-05-07 09:17:44",1.09151
6722741,Kemist,"2021-05-04 08:03:40",1.09151
6834843,anagonda,"2021-05-27 12:48:01",1.09152
6800220,LatteIce,"2021-05-22 18:43:50",1.09154
6727800,CY,"2021-05-09 11:01:26",1.09158
6741425,ManasijSurRoy,"2021-05-21 21:42:04",1.09158
6732535,"Mohit Bhatia","2021-05-12 16:01:36",1.09162
6754164,"Ryota #2","2021-05-07 08:55:34",1.09166
6756144,James,"2021-05-14 19:36:43",1.09167
6785047,LeleletMeDie,"2021-05-25 16:07:57",1.09171
6746759,YW,"2021-05-07 08:01:28",1.09175
6722062,"Rado Fanantenana Razakamiandra","2021-05-31 12:25:08",1.09176
6797531,"Masataka Miyahara","2021-05-16 07:52:48",1.09183
6736071,aabedini,"2021-05-08 23:27:07",1.09187
6801643,"Mayush Kumar","2021-05-30 16:31:42",1.09196
6846957,Miguel,"2021-05-29 18:50:39",1.09196
6724910,Sophie,"2021-05-15 17:53:15",1.09204
6721449,"Daiki Katsuragawa","2021-05-08 15:58:50",1.09205
6724113,Mileta,"2021-05-03 10:40:48",1.09208
6725456,Augument3,"2021-05-30 00:02:39",1.09212
6805250,"Shubhendu Mishra","2021-05-27 07:41:16",1.09213
6764763,ysd9999,"2021-05-09 09:50:20",1.09218
6754911,alex,"2021-05-08 04:46:55",1.09222
6749363,"Sanjay Papaiahgari","2021-05-11 14:17:21",1.09224
6733382,"Y-g11 FLR","2021-05-26 09:35:56",1.09224
6786588,Richez,"2021-05-28 19:22:16",1.09225
6721749,"Young Hyun P","2021-05-30 13:59:27",1.09232
6783132,Ankit,"2021-05-20 17:33:58",1.09244
6742368,"Tristan M","2021-05-07 12:29:21",1.09244
6876619,"Ravikumar Patel","2021-05-31 21:17:21",1.09246
6821130,SpectroB,"2021-05-31 23:26:35",1.09246
6788182,EasonLiu,"2021-05-31 23:41:20",1.09250
6858263,"Mark Sky","2021-05-26 04:54:24",1.09251
6731191,"Akmal Mir","2021-05-10 06:47:42",1.09254
6758825,"David Curry","2021-05-09 20:37:05",1.09257
6741861,"ryan sims test","2021-05-04 17:56:53",1.09257
6776489,stevekll,"2021-05-11 12:06:30",1.09263
6857072,navneeth,"2021-05-25 00:12:54",1.09267
6819251,"Likely Linear","2021-05-18 13:53:17",1.09270
6810902,fructose180,"2021-05-20 15:46:32",1.09271
6800267,"Shreyance Jain","2021-05-15 08:10:51",1.09271
6763628,"Kevin Kang","2021-05-09 03:34:25",1.09273
6721546,Catadanna,"2021-05-01 18:41:29",1.09274
6851363,YTTY,"2021-05-24 16:21:37",1.09275
6769998,"Max Guo","2021-05-26 20:11:40",1.09276
6730258,"Natthasit Tobua","2021-05-19 09:25:52",1.09279
6722452,"Ashwini M","2021-05-04 13:46:26",1.09279
6758603,dkleeman92,"2021-05-08 02:05:45",1.09280
6733167,Chris468,"2021-05-09 15:22:23",1.09281
6741132,"Marek Swieton","2021-05-06 21:27:12",1.09283
6803597,"Bruno Fleisch","2021-05-31 18:46:15",1.09285
6723741,Brian,"2021-05-23 18:36:21",1.09298
6853261,ChristianSinger,"2021-05-26 10:05:00",1.09300
6790835,S.Sreenivasulu,"2021-05-13 17:15:28",1.09300
6779063,"ÜNAL KÖROĞLU","2021-05-16 23:03:53",1.09301
6889766,"Smita Singh","2021-05-31 21:32:40",1.09303
6762278,"Daniil Gromov","2021-05-08 16:28:28",1.09309
6761920,WildDuck,"2021-05-31 14:15:57",1.09324
6727760,"Minjeong Cho","2021-05-13 04:42:01",1.09326
6885060,"Vladimir Levin","2021-05-31 19:09:15",1.09330
6724299,*amazing*,"2021-05-06 17:17:29",1.09331
6720837,"Brian Kwan","2021-05-29 08:12:35",1.09333
6729415,Navane8,"2021-05-17 18:03:18",1.09336
6867460,oracle07,"2021-05-27 02:15:00",1.09339
6885596,kir.ken,"2021-05-30 20:23:46",1.09348
6847271,YoshihiroKinoshita,"2021-05-22 23:04:17",1.09357
6722892,"shrijeeth suresh","2021-05-28 18:05:33",1.09363
6722308,"Yuichi Yamada","2021-05-26 12:44:49",1.09363
6849123,"Oliver Wang","2021-05-29 12:44:26",1.09365
6720961,"Taylor Lockhart","2021-05-31 23:44:20",1.09367
6731139,"kartik bandarwad","2021-05-12 15:34:23",1.09376
6720825,"Jason Rennie","2021-05-29 07:32:11",1.09381
6846315,"Stuart Calverley","2021-05-29 16:38:39",1.09382
6762071,"Ayush Shah pb","2021-05-21 05:48:08",1.09392
6852243,Ryu3417,"2021-05-31 23:34:22",1.09394
6811271,"Denys Bakhniuk","2021-05-18 12:23:19",1.09395
6765448,"Lukasz Borecki","2021-05-27 17:35:06",1.09399
6866242,yjhers,"2021-05-31 07:56:41",1.09401
6722102,"Thai Thien","2021-05-01 11:51:00",1.09403
6725927,PavaniRV,"2021-05-20 13:46:51",1.09415
6746762,greengamma,"2021-05-31 06:53:22",1.09418
6730333,yoake_dawn,"2021-05-06 03:06:18",1.09426
6726896,"Ananda Wiradharma","2021-05-02 17:01:22",1.09442
6721002,"Жапырақ Batyr","2021-05-18 09:11:28",1.09445
6759472,kglts623,"2021-05-09 05:54:19",1.09452
6721575,g20tk009,"2021-05-14 06:10:59",1.09459
6721371,DrCapa,"2021-05-01 07:19:29",1.09460
6784780,DOUYG,"2021-05-13 15:08:57",1.09462
6721430,DJVu,"2021-05-08 08:42:01",1.09475
6847070,"Dilara Şahan","2021-05-23 19:22:07",1.09479
6814210,DanGass,"2021-05-29 14:42:50",1.09494
6771444,"Shyam Rathod","2021-05-26 19:27:14",1.09495
6745827,Senpai,"2021-05-29 19:39:24",1.09495
6722669,"Edoardo Lanari","2021-05-01 13:46:48",1.09495
6742583,JoeR3000,"2021-05-08 21:49:51",1.09495
6730876,"Thomas Bourton","2021-05-10 08:38:40",1.09495
6762937,404!,"2021-05-10 15:55:11",1.09495
6767242,SHOOOOOO,"2021-05-19 21:52:35",1.09495
6754412,"Tao Ye","2021-05-31 23:35:40",1.09495
6727713,"Omkar Salunke","2021-05-02 12:41:25",1.09498
6739491,"Shashva Machchhar","2021-05-11 04:31:20",1.09505
6728529,"Prathap Rajasooriyar","2021-05-21 23:15:03",1.09514
6723691,"Sani Kamal","2021-05-02 16:02:16",1.09518
6727885,"Mujin Jo","2021-05-06 04:45:29",1.09518
6751978,"Sankalp Bisht","2021-05-17 15:49:43",1.09521
6872581,"Duy Le BKU","2021-05-28 18:49:18",1.09528
6720625,pAckmAn4000,"2021-05-01 11:53:50",1.09529
6863884,"Jiahe Yao","2021-05-29 15:54:44",1.09532
6742012,"Nguyen Vuong","2021-05-07 17:11:18",1.09536
6748836,"Harufumi Yoshida","2021-05-27 02:52:30",1.09541
6761363,"Sachin Bhat G","2021-05-20 08:52:16",1.09541
6755114,"Mohamed Sobhy","2021-05-07 16:08:31",1.09548
6776748,xiaoLx,"2021-05-27 12:17:25",1.09549
6808858,ic,"2021-05-17 22:01:59",1.09555
6866642,Ajay29,"2021-05-31 15:03:08",1.09568
6736368,"sushmit roy","2021-05-06 20:00:05",1.09568
6792989,"Jonas Schröder","2021-05-28 20:42:33",1.09578
6789239,DylanZZZ,"2021-05-17 07:28:46",1.09583
6725513,"Brent Snyder","2021-05-02 03:11:08",1.09585
6722430,dumilfresh,"2021-05-08 16:52:08",1.09588
6746905,AK0110,"2021-05-06 12:00:33",1.09589
6729478,Polatucha,"2021-05-03 17:55:19",1.09595
6729940,"napat lao","2021-05-10 16:05:32",1.09605
6758735,Harun-Ur-Rashid,"2021-05-08 05:46:27",1.09618
6778924,"Sathish Kaliamoorthy","2021-05-31 13:12:09",1.09631
6746107,"Daniel Brooks","2021-05-14 14:02:05",1.09637
6721434,"Nayakwadi Sushanth","2021-05-31 21:06:54",1.09647
6730601,Seol,"2021-05-11 11:17:41",1.09657
6760625,Aditya_pb,"2021-05-18 13:12:05",1.09659
6850497,"Adrian Yeung","2021-05-28 18:35:48",1.09685
6727048,DeepUnderstanding,"2021-05-14 17:56:13",1.09688
6841983,"Ilan Beyen","2021-05-27 00:31:14",1.09700
6782081,"Jordan Goulet","2021-05-16 01:12:49",1.09713
6723457,"Jordi smit","2021-05-24 18:42:34",1.09714
6764297,"Prakhar Tibrewal","2021-05-28 06:57:59",1.09719
6827330,"Dionisio Chiuratto Agourakis","2021-05-19 14:48:38",1.09726
6849132,"Marcel Jahnke","2021-05-24 16:32:23",1.09730
6794462,"Qijie Chen","2021-05-26 01:27:38",1.09735
6761411,"ANUKUL ANAND","2021-05-30 11:01:00",1.09744
6761370,"sree chand PB","2021-05-17 14:47:45",1.09758
6841243,cowfrica,"2021-05-25 00:53:05",1.09759
6723423,"Edward Jiwook Kim","2021-05-13 13:15:58",1.09764
6761368,"Sandesh Rangreji","2021-05-31 14:41:29",1.09782
6744103,JongSeob,"2021-05-12 11:16:35",1.09785
6861042,"Yurii Kuzmenko","2021-05-27 16:54:55",1.09792
6791597,EARTHS_SS,"2021-05-14 01:17:37",1.09792
6729188,"JI_Nuñez _B","2021-05-29 06:18:06",1.09806
6809300,migaloo,"2021-05-25 13:57:57",1.09814
6724191,"Alfonso Cassoni","2021-05-31 19:02:45",1.09815
6725365,Prashanth,"2021-05-03 16:09:46",1.09821
6756607,"Alexander Pivovar","2021-05-19 15:15:53",1.09822
6752994,"Igor Lashkov","2021-05-29 18:22:27",1.09842
6724769,Viji,"2021-05-02 19:09:45",1.09843
6721433,"Charles Rice","2021-05-15 17:25:58",1.09860
6725072,"Michel Akio Fukuda","2021-05-18 03:19:51",1.09864
6824640,khodkaggle,"2021-05-19 14:00:28",1.09865
6837642,shigemi,"2021-05-30 11:18:05",1.09867
6782493,myüber,"2021-05-30 13:07:50",1.09873
6732308,"Đặng Duy Thanh","2021-05-18 09:46:46",1.09876
6801544,"Deepak Singh","2021-05-31 13:02:12",1.09890
6731368,curiouswasabi22,"2021-05-12 19:42:13",1.09897
6889548,"Jared Van Blitterswyk","2021-05-31 20:44:36",1.09911
6765210,vbelchev,"2021-05-14 12:18:06",1.09913
6813468,"Pratyush Mohanty","2021-05-18 05:22:00",1.09917
6780000,"Davide Conti","2021-05-13 08:06:38",1.09921
6720678,Electron1997,"2021-05-03 23:12:11",1.09926
6789804,"Hisatomo Banbara","2021-05-31 05:29:14",1.09934
6746039,"Nikos Raftogiannis","2021-05-06 12:00:14",1.09939
6776709,Vladislav,"2021-05-12 03:26:55",1.09942
6726755,"Ahmad Javed","2021-05-02 17:37:16",1.09946
6738318,"Hadar Cohen","2021-05-10 10:05:14",1.09950
6762450,KoMura,"2021-05-19 14:04:19",1.09952
6851582,Austin,"2021-05-24 03:13:10",1.09953
6727958,JeongBin_Park,"2021-05-04 03:35:58",1.09954
6732994,fukuo37,"2021-05-16 13:27:10",1.09968
6728125,H.Ue,"2021-05-15 14:30:34",1.09973
6722851,"Hiroshi Sakiyama","2021-05-10 08:00:34",1.09984
6781606,"Cherilyn Chia","2021-05-16 11:56:57",1.09988
6795314,kaushal,"2021-05-20 07:08:14",1.09995
6763318,"Marcus Cotichini","2021-05-25 04:56:47",1.09999
6788167,"Anjaneya Tripathi","2021-05-13 02:53:38",1.09999
6720592,"Alican Kartal","2021-05-14 21:04:27",1.10010
6736334,Sire,"2021-05-09 11:14:01",1.10025
6752523,"shivam jolly","2021-05-09 09:59:02",1.10032
6790516,"Siva sankar","2021-05-31 07:45:33",1.10041
6814376,"Veeresh Raavipaati PB","2021-05-31 19:09:54",1.10046
6742911,"Derrick Michelson","2021-05-14 23:51:35",1.10051
6721490,Anaquaine,"2021-05-03 11:45:00",1.10052
6720578,"Subin An","2021-05-01 03:44:09",1.10071
6783813,"Mountain Laurel","2021-05-13 14:46:54",1.10071
6721234,"bhimantoro suryo admodjo","2021-05-02 06:24:13",1.10075
6880049,"Abir Gupta","2021-05-29 17:45:16",1.10077
6726283,"Shiva Vaddagani","2021-05-21 16:21:24",1.10079
6721025,AyanTiwari,"2021-05-31 13:22:11",1.10081
6871339,Chenhaoxu13,"2021-05-29 15:48:33",1.10086
6785311,"Kishore S","2021-05-31 18:18:49",1.10087
6730309,"Son Luong","2021-05-05 16:55:14",1.10094
6741522,"John Bull","2021-05-05 20:31:25",1.10100
6726186,"Shobhit Mittal","2021-05-12 10:33:49",1.10100
6744327,"Tarun Sharma","2021-05-06 15:56:15",1.10102
6738190,kankichi,"2021-05-11 10:01:13",1.10102
6731300,"Arjun & Arohi","2021-05-17 15:16:27",1.10125
6721777,"Harison Mwangi Gachuru","2021-05-03 18:35:53",1.10141
6878595,kuhaku,"2021-05-29 09:47:53",1.10141
6725362,"Kiran Clement","2021-05-09 13:37:05",1.10144
6886056,"Cihat Uysal","2021-05-31 13:37:47",1.10146
6724376,"abhinay marripudi","2021-05-05 09:13:44",1.10148
6814952,"jameel merali","2021-05-18 15:40:49",1.10149
6769187,Pudding_023,"2021-05-17 15:56:52",1.10150
6723094,Novice90,"2021-05-05 09:34:49",1.10152
6833930,Gautam,"2021-05-21 09:24:26",1.10153
6729167,JamesBondOO7,"2021-05-23 13:10:08",1.10153
6744386,"Tavleen K Nagi","2021-05-14 06:23:40",1.10155
6753251,MRipani,"2021-05-13 03:54:51",1.10156
6799979,"Scott Allen","2021-05-28 22:16:51",1.10158
6727835,"Atal Manuja","2021-05-23 12:05:59",1.10159
6842505,batman,"2021-05-31 12:02:16",1.10165
6771474,thw136@gmx.de,"2021-05-11 17:59:52",1.10167
6751747,"Soham Vaidya","2021-05-29 06:46:41",1.10179
6856266,"Andrejs Fedjajevs","2021-05-25 16:49:33",1.10185
6876072,"Ryan Rudes","2021-05-28 16:50:04",1.10187
6737245,"Ryan Wiley","2021-05-04 20:20:21",1.10192
6802253,"Caleb Yenusah","2021-05-18 13:33:21",1.10204
6720648,"matt x jo","2021-05-16 04:43:22",1.10205
6724448,"Sahil Jain","2021-05-16 09:58:09",1.10206
6888221,"Purvit Vashishtha","2021-05-31 11:04:27",1.10235
6788938,"Sabrina Labrador","2021-05-14 01:20:05",1.10240
6725263,"Salhi Mohammed Nadjib Allah","2021-05-02 02:53:30",1.10248
6742774,"Edmar Rodrigues","2021-05-06 18:37:24",1.10250
6734951,"DUSHYANT JAIN","2021-05-08 14:51:13",1.10258
6788758,"Jiajun Hong","2021-05-18 07:47:19",1.10271
6722406,"Hideatsu Yamanaka","2021-05-08 05:26:51",1.10271
6777087,SHT,"2021-05-12 01:35:52",1.10274
6723181,"Stefan Trifu","2021-05-03 22:11:40",1.10285
6845346,slm37102,"2021-05-22 13:02:42",1.10286
6873029,"Siarhei Yahela","2021-05-31 01:58:23",1.10297
6832327,Amrutha,"2021-05-31 16:26:17",1.10306
6830003,"Thomas Delecourt","2021-05-29 13:28:33",1.10311
6725473,omonao,"2021-05-02 08:00:21",1.10318
6727858,"Kavitha J","2021-05-30 12:48:49",1.10323
6750050,"[Deleted] 98944470-b28e-4265-99f2-fef5153e1278","2021-05-23 18:48:39",1.10328
6725421,"Bloo Ridian","2021-05-31 13:40:55",1.10341
6885368,PineapplePencil,"2021-05-30 20:02:11",1.10343
6869203,Vitrag,"2021-05-30 05:54:00",1.10357
6802729,"ashutosh samal","2021-05-17 08:33:04",1.10365
6877959,ChenYF12,"2021-05-29 02:36:42",1.10368
6726361,ksktkskn,"2021-05-04 10:09:03",1.10377
6840384,"Ritika Pal","2021-05-28 15:58:35",1.10381
6743700,"Ofir Mazor","2021-05-15 13:17:55",1.10419
6855715,xsz123,"2021-05-26 01:48:50",1.10433
6737515,(-_-:),"2021-05-05 08:55:25",1.10441
6739383,achiku,"2021-05-05 01:29:37",1.10445
6849699,BoltMaud,"2021-05-24 07:51:42",1.10453
6723320,"Shunsuke Yamamoto","2021-05-31 14:26:50",1.10460
6877276,"Rajeev Kumar Sahu","2021-05-28 20:27:06",1.10464
6815598,"Quân Phạm","2021-05-18 11:26:26",1.10469
6765360,HTOM,"2021-05-10 00:07:59",1.10474
6752935,"Tracy Porter","2021-05-13 00:39:01",1.10482
6775660,heyixiao,"2021-05-12 11:48:05",1.10485
6796295,"Hasanga Methmal","2021-05-26 15:57:35",1.10495
6751712,stpete_ishii,"2021-05-06 17:21:22",1.10496
6882370,"William Ojemann","2021-05-31 17:51:48",1.10564
6811332,amualumia,"2021-05-17 11:17:47",1.10567
6855368,"Devashree Madhugiri","2021-05-30 13:28:08",1.10598
6760162,Polina_Koroleva,"2021-05-17 05:31:26",1.10632
6765353,"T Ry","2021-05-30 07:29:50",1.10686
6790718,"Hugo Christ","2021-05-31 13:25:02",1.10689
6838894,Awwwwwww,"2021-05-22 13:19:43",1.10703
6759477,"Konstantin Ushakov","2021-05-08 12:44:20",1.10718
6756092,"Maria Apostolopoulou","2021-05-13 20:16:16",1.10722
6753927,mevius5,"2021-05-09 15:16:31",1.10731
6810728,Jackory,"2021-05-18 13:12:13",1.10740
6826992,Whisperer8526,"2021-05-19 12:04:27",1.10743
6849314,wcaiyuan_1,"2021-05-31 13:32:21",1.10810
6843860,"Japkeerat Singh","2021-05-23 05:15:33",1.10814
6817736,"Sirica Lyricia","2021-05-18 08:31:24",1.10826
6770634,yamahisa,"2021-05-17 13:51:52",1.10827
6772508,"Daniel Millionshik","2021-05-11 00:09:05",1.10832
6877615,BD,"2021-05-28 22:53:01",1.10843
6742696,KyleDKing,"2021-05-15 01:55:05",1.10846
6744135,kurooto,"2021-05-05 07:01:21",1.10871
6855120,"Giacomo Alocco","2021-05-28 12:00:50",1.10878
6812427,H.Takamatsu,"2021-05-26 02:41:25",1.10881
6869617,"Dale Mike ","2021-05-29 15:04:34",1.10883
6778007,"Guido Mazzuca","2021-05-20 10:04:57",1.10894
6773396,"Keisuke Yasuda","2021-05-29 06:53:34",1.10918
6878534,"Filip Björnåsen","2021-05-29 06:53:57",1.10938
6806756,"Siqi Xiang","2021-05-17 15:56:41",1.10952
6861346,yangshijie1,"2021-05-25 16:26:58",1.10970
6722720,"Dmitriy Tsvirkun","2021-05-01 14:36:25",1.10975
6737538,"Shiv Suthar","2021-05-14 02:48:01",1.11008
6862744,Lollipop190,"2021-05-31 13:09:33",1.11034
6873695,TheNBest,"2021-05-28 06:02:02",1.11043
6874746,vasilisnikolaou,"2021-05-31 11:06:57",1.11045
6884502,"Mohammad Mohtashim","2021-05-30 14:58:50",1.11057
6721170,Kelly,"2021-05-03 18:47:41",1.11097
6751077,"Ojash Bhardwaj","2021-05-22 12:42:09",1.11101
6885812,"Syed 雷涵","2021-05-31 19:25:16",1.11127
6760528,Betesss,"2021-05-08 10:01:27",1.11142
6728133,ReynaldoR,"2021-05-30 14:06:18",1.11144
6840971,"Nikhil Varghese","2021-05-23 04:30:39",1.11212
6782773,DanilAbdullin,"2021-05-26 12:56:55",1.11230
6876616,rita0123,"2021-05-31 11:28:39",1.11269
6751127,heisenberg966,"2021-05-11 14:22:19",1.11301
6724639,"James Green","2021-05-05 22:07:53",1.11302
6804973,"Stella Tatatatata","2021-05-31 14:03:19",1.11366
6883685,"Bhargavi K C","2021-05-31 09:02:37",1.11370
6833118,"kiyoung hong","2021-05-23 16:49:36",1.11370
6731786,YW.PENG,"2021-05-17 10:30:29",1.11371
6759760,"Ashutosh Paliwal","2021-05-08 12:43:06",1.11374
6728282,"Pavel Fedotov","2021-05-25 10:49:42",1.11376
6729413,"Simone Giuri","2021-05-09 13:03:52",1.11378
6863940,"Aaron Kuo","2021-05-26 09:13:12",1.11381
6725286,Seif,"2021-05-27 13:02:29",1.11393
6723937,"Moein Shariatnia","2021-05-03 09:42:26",1.11409
6753449,"Sam Y","2021-05-27 00:15:13",1.11446
6729883,"Albert Chu","2021-05-30 00:10:04",1.11457
6724105,"Lukas Cao","2021-05-08 20:52:06",1.11592
6758407,"Matteo Brassini","2021-05-07 22:17:47",1.11595
6722055,"Shruti Saxena","2021-05-08 10:58:42",1.11698
6806695,lzongren,"2021-05-16 20:54:11",1.11743
6761273,"Aryan Raj","2021-05-09 00:25:21",1.11772
6748159,"Pratik Kumar","2021-05-14 05:00:32",1.11795
6825491,"Shivam Bhardwaj #2","2021-05-20 16:36:58",1.11877
6729376,"lorenzo lamia","2021-05-30 20:01:04",1.11920
6721005,"Rishi Kakkar","2021-05-08 11:46:17",1.11977
6808200,ma_ring,"2021-05-23 12:54:01",1.11983
6761652,AtsNakajima,"2021-05-08 14:52:59",1.11986
6721235,"Abhishek Rathore","2021-05-09 06:02:35",1.12085
6721656,HoMin,"2021-05-01 06:49:18",1.12255
6760177,nao_370,"2021-05-31 03:51:46",1.12343
6843380,zZam,"2021-05-27 03:21:34",1.12496
6800129,OwenFlanagan,"2021-05-15 06:50:36",1.12521
6795505,"Shireesh Pyreddy","2021-05-14 12:23:04",1.12538
6830681,Shahriar17,"2021-05-23 11:36:05",1.12579
6842645,"Yonathan Kebede","2021-05-22 21:36:29",1.12629
6832085,"Yanjun Lin","2021-05-21 07:31:56",1.12719
6834709,"Felipe Ferreira","2021-05-21 15:25:25",1.12748
6729984,"Taran Marley","2021-05-03 07:33:09",1.12800
6722500,"Negrea Claudiu","2021-05-04 17:46:39",1.12839
6798964,"Malo Le Magueresse","2021-05-14 22:55:25",1.12842
6720733,Betancourt,"2021-05-18 10:38:11",1.12945
6865426,Murad,"2021-05-26 13:50:29",1.12948
6821194,androkotey,"2021-05-19 12:40:23",1.13072
6804816,"Narasimha Jwalapuram","2021-05-26 01:28:41",1.13186
6721034,MonkeyMiner,"2021-05-02 03:46:46",1.13242
6735399,"Ollie Glass","2021-05-03 20:43:10",1.13362
6802058,"Albeit Ross","2021-05-24 11:03:32",1.13483
6731352,"Phuoc Ban Dao","2021-05-09 10:57:52",1.13626
6733857,"Don Mani","2021-05-09 15:04:03",1.13745
6812739,"Suraj Jha","2021-05-31 06:46:15",1.14129
6731163,"Vattipalli Nikhil","2021-05-05 06:47:06",1.14244
6725811,Arin,"2021-05-12 15:03:30",1.14367
6733027,"Garvit Sihag","2021-05-07 15:56:33",1.14673
6735739,"Pablo Talavante","2021-05-13 20:05:34",1.14690
6725449,"Cilia Madani","2021-05-15 00:00:28",1.14884
6849523,"Rocky Yash Chauhan","2021-05-31 18:23:35",1.14940
6836010,Saurabh,"2021-05-24 12:35:29",1.15006
6729118,"Caíque Coelho","2021-05-31 01:01:07",1.15873
6769559,AndresMontero,"2021-05-10 14:07:13",1.15940
6721341,GreyWasp,"2021-05-13 07:49:02",1.15973
6771812,sangstar,"2021-05-13 00:13:49",1.16019
6744380,Rhyeu,"2021-05-23 09:04:15",1.16138
6748310,skyepodium,"2021-05-23 07:42:31",1.16344
6791279,OAvengers,"2021-05-26 17:52:02",1.16517
6723632,Mobius,"2021-05-29 13:23:17",1.16555
6721734,"Feranmi Dere","2021-05-14 16:16:56",1.16916
6773056,vikas,"2021-05-23 01:18:55",1.16942
6793283,deep-son,"2021-05-13 22:09:50",1.17187
6732492,MinhN520,"2021-05-27 20:53:32",1.17937
6798321,"Jazal Mohabecker","2021-05-14 22:16:57",1.18653
6805445,LiuYing5924,"2021-05-31 15:32:15",1.18746
6742126,"Luke Hanselman","2021-05-05 19:48:34",1.19274
6721113,"Soyabul Islam","2021-05-12 11:12:46",1.19602
6858424,anthidp,"2021-05-30 10:33:07",1.21955
6747433,"Ayush Mahesh Sharma","2021-05-28 04:59:58",1.22991
6724445,"Mikołaj Jaśkowiak","2021-05-31 23:09:55",1.22993
6854069,"Abhishek Vaish","2021-05-28 08:20:09",1.24390
6736590,"Khalid Jeffal","2021-05-06 02:02:15",1.25817
6833948,Jishnudeep,"2021-05-24 04:33:59",1.26155
6871422,"Daniel Cristian Fat","2021-05-27 16:36:58",1.26511
6870465,"Gosia Figurska","2021-05-31 15:39:45",1.27129
6829882,Jota,"2021-05-19 16:07:30",1.27749
6836472,"Rishi Patel","2021-05-20 17:33:55",1.27749
6758186,"Thejas N","2021-05-10 09:48:41",1.28541
6813285,GeniusLgx,"2021-05-17 15:43:55",1.28588
6830714,"Awal Ahmed Fime","2021-05-22 01:14:07",1.28740
6806906,shibata.93,"2021-05-23 12:48:48",1.29015
6891129,SammaniC,"2021-05-31 21:59:31",1.29015
6725716,"Aditya Kadiwal","2021-05-03 11:56:44",1.29788
6741158,"Erdal Sönük","2021-05-28 10:37:02",1.35417
6726434,"Priyabrata Panda","2021-05-02 07:32:30",1.35420
6722691,ColmOBrien1234,"2021-05-03 13:54:50",1.36264
6745818,bagusbpg,"2021-05-31 23:53:12",1.36473
6729070,gajendraks,"2021-05-14 03:23:47",1.36848
6740089,"takumi ForGoogleClab","2021-05-05 18:49:28",1.37641
6806661,"Team Copa","2021-05-20 13:21:40",1.37951
6730492,RanugaD,"2021-05-03 10:32:00",1.38131
6755696,"Josie Harrison","2021-05-12 08:58:25",1.38294
6880976,Bond_Power,"2021-05-31 15:17:40",1.38629
6605942,sample_submission.csv,"2021-04-08 20:10:19",1.38629
6727327,"Saachi Dholakia","2021-05-02 10:32:51",1.38629
6727765,"Hetul Mehta","2021-05-02 13:10:27",1.38629
6729534,"Roland Abel","2021-05-02 21:50:47",1.38629
6733961,"sashank mvv","2021-05-03 17:05:48",1.38629
6740617,"Mateus FariaOliveira","2021-05-06 18:08:31",1.38629
6741238,"Yasir Hussein Shakir","2021-05-13 12:11:16",1.38629
6741822,Mani,"2021-05-04 17:45:16",1.38629
6744335,"DHRUV MISTRY29","2021-05-05 07:06:06",1.38629
6744679,"Siddhi Mule","2021-05-05 08:25:10",1.38629
6745959,"Renel Dilao","2021-05-05 12:56:01",1.38629
6743084,"Breno Cavalcanti","2021-05-06 02:07:38",1.38629
6751989,vaibhavchopra,"2021-05-06 15:54:29",1.38629
6758819,"Zach Churchill","2021-05-08 01:15:53",1.38629
6804799,"toru kobayashi","2021-05-16 04:14:07",1.38629
6817034,Hari,"2021-05-27 09:06:45",1.38629
6875809,"Yasmeen Azmat Ali","2021-05-28 13:17:33",1.38629
6724809,"Simon Barrow","2021-05-31 19:13:49",1.38629
6720615,"Felipe Simoes Lisboa","2021-05-01 00:48:30",1.38629
6780814,Ari,"2021-05-12 17:51:18",1.41204
6731505,"Martin Keywood","2021-05-08 14:44:58",1.44187
6879076,yy199812,"2021-05-29 12:33:44",1.47413
6794703,"eon lee","2021-05-18 09:26:27",1.66609
6722418,JustForFunML,"2021-05-26 05:49:43",1.69294
6751896,"Patrick Hanck","2021-05-13 17:58:51",1.70337
6721081,"Utkarsh Srivastava","2021-05-27 12:03:00",1.83162
6729674,Pythonian,"2021-05-30 06:34:23",2.06114
6735195,"Eduardo Ramón","2021-05-27 19:43:09",2.28089
6725579,Talapoin,"2021-05-03 12:42:10",2.33994
6744772,kbp0237,"2021-05-05 14:23:08",2.49194
6805271,"Chiranjivi T","2021-05-31 22:02:45",2.56992
6819152,Digger,"2021-05-25 09:22:00",2.91759
6785322,"Wen Bin Leow","2021-05-31 18:15:16",3.23965
6840571,"Daniel Sanchez","2021-05-21 15:35:09",3.39480
6748840,tanakaeiji,"2021-05-31 02:55:58",3.53824
6785519,"Sourabh Yadav","2021-05-12 15:59:00",3.61345
6798332,"Ritika Sharma","2021-05-14 17:54:44",3.61345
6725956,Spring,"2021-05-02 21:50:04",3.99021
6723312,"Manoj Sri","2021-05-11 03:05:57",4.43423
6720819,NovaEthos,"2021-05-08 16:09:57",6.08799
6728741,Avengers,"2021-05-31 21:01:25",7.23049
6854361,salimnds,"2021-05-26 08:10:42",10.49867
6864643,VictorGorGor,"2021-05-27 09:26:33",11.29863
6722370,shrish,"2021-05-01 10:45:45",14.82486
6758210,"Rahul Singh #2","2021-05-08 16:05:22",19.26330
6731671,SCH,"2021-05-03 11:28:41",22.78615
6864316,"Bileam Scheuvens","2021-05-26 15:01:31",25.73510
